要求编号,批次号,审计项编码,审计项标题,维度,要求类型,要求内容,适用范围,执行频率,数量要求,资格要求,保存期限,关键词,置信度
REQ-001,,NEW-20260227112113-M004,公司是否建立IT治理委员会。,XC信息技术治理,建立组织,,,,,,,,0.95
REQ-002,,NEW-20260227112113-M005,IT治理委员会是否由公司主要负责人、相关高级管理人员及相关部门负责人组成。,XC信息技术治理,建立组织,,,,,,,,0.9
REQ-003,,NEW-20260227112113-M006,是否明确公司IT治理委员会工作职责，制定公司IT治理委员会议事规则，IT治理委员会审议内容是否全面。,XC信息技术治理,建立制度,,,,,,,,0.95
REQ-004,,NEW-20260227112113-M007,是否定期召开会议决策信息技术治理重大事项,XC信息技术治理,定期执行,,,,,,,,0.9
REQ-005,,NEW-20260227112113-M008,公司是否设置首席信息官岗位。,XC信息技术治理,人员配备,,,,,,,,0.95
REQ-006,,NEW-20260227112113-M009,首席信息官是否满足任职资格要求。,XC信息技术治理,人员配备,,,,,,,,0.9
REQ-007,,NEW-20260227112113-M010,分管IT的高管人员是否有IT专业背景或工作经验,XC信息技术治理,人员配备,,,,,,,,0.9
REQ-008,,NEW-20260227112113-M011,公司是否设立信息技术内部审计岗，配备专职信息技术审计人员。,XC信息技术治理,人员配备,,,,,,,,0.95
REQ-009,,NEW-20260227112113-M012,信息技术审计人员是否有信息技术相关专业学历或工作经验。,XC信息技术治理,人员配备,,,,,,,,0.9
REQ-010,,NEW-20260227112113-M013,公司是否设立信息技术合规及风险管理部门及岗位。,XC信息技术治理,建立组织,,,,,,,,0.9
REQ-011,,NEW-20260227112113-M013,公司是否设立信息技术合规及风险管理部门及岗位。,XC信息技术治理,人员配备,,,,,,,,0.95
REQ-012,,NEW-20260227112113-M014,信息技术合规及风险管理岗位人员是否具有信息技术专业背景或相关IT工作经验。,XC信息技术治理,人员配备,,,,,,,,0.9
REQ-013,,NEW-20260227112113-M015,是否设立信息安全管理工作的职能部门，设立安全主管、安全管理各个方面的负责人岗位，并定义各负责人的职责。,XC信息技术治理,建立组织,,,,,,,,0.95
REQ-014,,NEW-20260227112113-M015,是否设立信息安全管理工作的职能部门，设立安全主管、安全管理各个方面的负责人岗位，并定义各负责人的职责。,XC信息技术治理,建立制度,,,,,,,,0.9
REQ-015,,NEW-20260227112113-M016,机房管理员、网络管理员、系统管理员、数据库管理员、安全管理员等关键岗位是否设置主备岗。,XC信息技术治理,人员配备,,,,,,,,0.9
REQ-016,,NEW-20260227112113-M017,关键岗位是否进行分离，兼岗时是否满足岗位相互制约的要求。,XC信息技术治理,岗位分离,,,,,,,,0.95
REQ-017,,NEW-20260227112113-M018,公司是否配备足够的信息技术人员，公司的IT工作人员总数不少于公司员工总人数的6%。,XC信息技术治理,人员配备,,,,,,,,0.9
REQ-018,,NEW-20260227112113-M019,,,建立制度,,,,,,,,0.95
REQ-019,,NEW-20260227112114-M020,是否至少每年一次评审、修订信息技术管理制度和操作流程。,XC信息技术治理,定期执行,,,,,,,,0.95
REQ-020,,NEW-20260227112114-M021,是否制定软件开发管理制度。,XC信息技术治理,建立制度,,,,,,,,0.95
REQ-021,,NEW-20260227112114-M022,软件开发管理制度中是否明确软件设计、开发、测试、验收过程的控制方法和人员行为准则。,XC信息技术治理,建立制度,,,,,,,,0.9
REQ-022,,NEW-20260227112114-M023,是否建立运维管理制度。,XC信息技术治理,建立制度,,,,,,,,0.95
REQ-023,,NEW-20260227112114-M024,运维管理制度是否对日常操作、监控管理、事件处理、问题处理、数据和介质管理、机房管理、安全管理、应急处置进行规范。,XC信息技术治理,建立制度,,,,,,,,0.9
REQ-024,,NEW-20260227112114-M025,是否建立变更管理制度。,XC信息技术治理,建立制度,,,,,,,,0.95
REQ-025,,NEW-20260227112114-M026,变更管理制度是否包含系统发生变更前，向主管领导申请，变更和变更方案经过评审、审批后方可实施变更，并在实施后将变更情况向相关人员通告。,XC信息技术治理,建立制度,,,,,,,,0.9
REQ-026,,NEW-20260227112114-M027,是否建立IT审计制度或在公司审计制度内对IT审计进行要求。,XC信息技术治理,建立制度,,,,,,,,0.95
REQ-027,,NEW-20260227112114-M028,是否建立备份与恢复管理相关的安全管理制度。,XC信息技术治理,建立制度,,,,,,,,0.95
REQ-028,,NEW-20260227112114-M029,备份与恢复管理相关的安全管理制度只是否对备份信息的备份方式、备份频度、存储介质和保存期等进行规范。,XC信息技术治理,建立制度,,,,,,,,0.9
REQ-029,,NEW-20260227112114-M030,是否建立信息安全事件相关管理制度。,XC信息技术治理,建立制度,,,,,,,,0.95
REQ-030,,NEW-20260227112114-M031,信息安全事件相关管理制度中是否制定安全事件报告和响应处理程序，确定事件的报告流程，响应和处置的范围、程度，以及处理方法等。,XC信息技术治理,建立制度,,,,,,,,0.9
REQ-031,,NEW-20260227112114-M032,公司是否制定IT合规及风险管理策略和制度。,XC信息技术治理,建立制度,,,,,,,,0.95
REQ-032,,NEW-20260227112114-M033,是否建立供应商管理制度。,XC信息技术治理,建立制度,,,,,,,,0.95
REQ-033,,NEW-20260227112114-M034,是否对年度安全教育和培训进行书面规定，针对运维人员等不同岗位制定不同的培训计划，对信息安全基础知识、岗位操作规程、机房消防及相关应急内容等进行培训，并留存培训记录。,XC信息技术治理,建立制度,,,,,,,,0.9
REQ-034,,NEW-20260227112114-M034,是否对年度安全教育和培训进行书面规定，针对运维人员等不同岗位制定不同的培训计划，对信息安全基础知识、岗位操作规程、机房消防及相关应急内容等进行培训，并留存培训记录。,XC信息技术治理,定期执行,,,,,,,,0.9
REQ-035,,NEW-20260227112114-M034,是否对年度安全教育和培训进行书面规定，针对运维人员等不同岗位制定不同的培训计划，对信息安全基础知识、岗位操作规程、机房消防及相关应急内容等进行培训，并留存培训记录。,XC信息技术治理,文件保存,,,,,,,,0.9
REQ-036,,NEW-20260227112114-M035,安全教育培训是否覆盖全体员工。,XC信息技术治理,建立制度,,,,,,,,0.9
REQ-037,,NEW-20260227112114-M036,安全教育培训是否每年进行一次。,XC信息技术治理,定期执行,,,,,,,,0.95
REQ-038,,NEW-20260227112114-M037,安全教育培训是否包含网络攻击防范以及员工邮件安全意识教育，提高员工对网络攻击尤其是钓鱼邮件、仿冒邮件的辨识能力。,XC信息技术治理,建立制度,,,,,,,,0.9
REQ-039,,NEW-20260227112114-M038,是否对各个岗位的人员至少每年一次进行安全技能及安全认知的考核。,XC信息技术治理,定期执行,,,,,,,,0.95
REQ-040,,NEW-20260227112114-M039,是否对安全技能及安全认知考核结果进行记录并保存。,XC信息技术治理,文件保存,,,,,,,,0.95
REQ-041,,NEW-20260227112114-M040,安全技能和安全认知考核是否覆盖所有岗位。,XC信息技术治理,建立制度,,,,,,,,0.9
REQ-042,,NEW-20260227112114-M041,安全技能和安全认知考核覆盖内容是否全面。,XC信息技术治理,建立制度,,,,,,,,0.85
REQ-043,,NEW-20260227112114-M042,是否对安全责任和惩戒措施进行书面规定并告知相关人员，并对违反违背安全策略和规定的人员进行惩戒。,XC信息技术治理,建立制度,,,,,,,,0.95
REQ-044,,NEW-20260227112114-M043,是否建立信息系统数据管理制度，对在线和离线数据的使用、备份、存放、保护及恢复验证等活动进行规范。,XC信息技术治理,建立制度,,,,,,,,0.95
REQ-045,,NEW-20260227112114-M044,是否按照最小化原则配置防火墙访问控制策略。,XC网络安全管理与防护,建立制度,,,,,,,,0.9
REQ-046,,NEW-20260227112114-M045,应对远程接入内部网络的行为进行严格限制。,XC网络安全管理与防护,建立制度,,,,,,,,0.95
REQ-047,,NEW-20260227112114-M046,是否在网络边界处部署防病毒网关等设备对恶意代码进行检测和清除。,XC网络安全管理与防护,建立制度,,,,,,,,0.9
REQ-048,,NEW-20260227112114-M047,是否定期检查防病毒网关和邮件防病毒网关的恶意代码库的升级情况并进行记录。,XC网络安全管理与防护,定期执行,,,,,,,,0.9
REQ-049,,NEW-20260227112114-M047,是否定期检查防病毒网关和邮件防病毒网关的恶意代码库的升级情况并进行记录。,XC网络安全管理与防护,文件保存,,,,,,,,0.9
REQ-050,,NEW-20260227112114-M048,是否对截获的危险病毒或恶意代码进行及时分析处理，并形成书面的报表和总结汇报。,XC网络安全管理与防护,文件保存,,,,,,,,0.9
REQ-051,,NEW-20260227112114-M049,是否综合运用入侵检测等安全设备，保护网络与系统；是否正确设置安全设备的接口参数和过滤规则。,XC网络安全管理与防护,建立制度,,,,,,,,0.9
REQ-052,,NEW-20260227112114-M050,是否在网络边界处监视以下攻击行为：端口扫描、强力攻击、木马后门攻击、拒绝服务攻击、缓冲区溢出攻击、IP碎片攻击和网络蠕虫攻击等。,XC网络安全管理与防护,建立制度,,,,,,,,0.9
REQ-053,,NEW-20260227112114-M051,当检测到攻击行为时，是否记录攻击源IP、攻击类型、攻击目的、攻击时间，在发生严重入侵事件时是否提供报警。,XC网络安全管理与防护,建立制度,,,,,,,,0.9
REQ-054,,NEW-20260227112114-M051,当检测到攻击行为时，是否记录攻击源IP、攻击类型、攻击目的、攻击时间，在发生严重入侵事件时是否提供报警。,XC网络安全管理与防护,文件保存,,,,,,,,0.9
REQ-055,,NEW-20260227112114-M052,是否使用堡垒机对操作系统、数据库、网络设备进行管控。,XC网络安全管理与防护,建立制度,,,,,,,,0.9
REQ-056,,NEW-20260227112115-M053,操作系统、数据库、网络设备、堡垒机应设置密码安全策略。,XC网络安全管理与防护,建立制度,,,,,,,,0.95
REQ-057,,NEW-20260227112115-M054,应建立用户认证和访问控制流程。,XC网络安全管理与防护,建立制度,,,,,,,,0.95
REQ-058,,NEW-20260227112115-M055,是否建立补丁管理流程，持续跟踪厂商提供的系统升级更新情况，在经过充分的测试评估后对必要的系统补丁进行及时更新。,XC网络安全管理与防护,建立制度,,,,,,,,0.95
REQ-059,,NEW-20260227112115-M055,是否建立补丁管理流程，持续跟踪厂商提供的系统升级更新情况，在经过充分的测试评估后对必要的系统补丁进行及时更新。,XC网络安全管理与防护,定期执行,,,,,,,,0.9
REQ-060,,NEW-20260227112115-M056,是否通过设置升级服务器等方式保持系统补丁及时得到更新。,XC网络安全管理与防护,建立制度,,,,,,,,0.9
REQ-061,,NEW-20260227112115-M057,在安装系统补丁前是否对重要文件进行备份，在测试环境中测试通过再安装。,XC网络安全管理与防护,建立制度,,,,,,,,0.9
REQ-062,,NEW-20260227112115-M058,是否对所有服务器安装防木马、病毒等防恶意代码软件，定期进行全面检查，并及时更新防恶意代码软件版本和恶意代码库。a)原则上所有主机应安装防恶意代码软件，系统不支持该要求的除外；b)未安装防恶意代码软件的主机，应采取有效措施进行恶意代码防范。,XC网络安全管理与防护,建立制度,,,,,,,,0.9
REQ-063,,NEW-20260227112115-M058,是否对所有服务器安装防木马、病毒等防恶意代码软件，定期进行全面检查，并及时更新防恶意代码软件版本和恶意代码库。a)原则上所有主机应安装防恶意代码软件，系统不支持该要求的除外；b)未安装防恶意代码软件的主机，应采取有效措施进行恶意代码防范。,XC网络安全管理与防护,定期执行,,,,,,,,0.9
REQ-064,,NEW-20260227112115-M059,是否对终端软件安装进行限制和管理。,XC网络安全管理与防护,建立制度,,,,,,,,0.9
REQ-065,,NEW-20260227112115-M060,是否对所有终端安装防木马、病毒等防恶意代码软件。,XC网络安全管理与防护,建立制度,,,,,,,,0.9
REQ-066,,NEW-20260227112115-M061,是否设置专人负责室外LED大屏的安全管理。,XC网络安全管理与防护,人员配备,,,,,,,,0.9
REQ-067,,NEW-20260227112115-M062,是否配置LED屏幕播放内容监控设备。,XC网络安全管理与防护,建立制度,,,,,,,,0.85
REQ-068,,NEW-20260227112115-M063,是否对LED屏幕操作权限进行控制。,XC网络安全管理与防护,建立制度,,,,,,,,0.9
REQ-069,,NEW-20260227112115-M064,是否建立安全管理中心，对设备状态、恶意代码、补丁升级、安全审计等安全相关事项进行集中管理。,XC网络安全管理与防护,建立组织,,,,,,,,0.95
REQ-070,,NEW-20260227112115-M064,是否建立安全管理中心，对设备状态、恶意代码、补丁升级、安全审计等安全相关事项进行集中管理。,XC网络安全管理与防护,建立制度,,,,,,,,0.9
REQ-071,,NEW-20260227112115-M065,是否对系统大流量数据异常外传、非授权传输等数据访问情况进行监测。,XC网络安全管理与防护,建立制度,,,,,,,,0.9
REQ-072,,NEW-20260227112115-M066,是否对网站进行安全监测。,XC网络安全管理与防护,定期执行,,,,,,,,0.9
REQ-073,,NEW-20260227112115-M067,是否与CDN服务提供商、基础电信系运营企业联动，抵御DDOS攻击。,XC网络安全管理与防护,建立制度,,,,,,,,0.9
REQ-074,,NEW-20260227112115-M068,是否根据数据完整性、保密性、可用性等安全属性遭到破坏后的影响对象和影响程度综合对数据进行分级。,XC网络安全管理与防护,建立制度,,,,,,,,0.95
REQ-075,,NEW-20260227112115-M069,是否建立不同等级敏感数据保护流程。,XC网络安全管理与防护,建立制度,,,,,,,,0.95
REQ-076,,NEW-20260227112115-M070,是否采取技术手段防止内部人员将系统架构、开发代码等内部数据泄露。,XC网络安全管理与防护,建立制度,,,,,,,,0.9
REQ-077,,NEW-20260227112115-M071,在线数据和离线数据用于非生产环境时，是否进行脱敏处理；用于模拟测试时如无法进行脱敏处理，测试环境应采取与生产环境相当的安全措施。,XC网络安全管理与防护,建立制度,,,,,,,,0.9
REQ-078,,NEW-20260227112115-M072,是否建立离线数据的调阅、复制、传输、查询和登记流程。,XC网络安全管理与防护,建立制度,,,,,,,,0.95
REQ-079,,NEW-20260227112115-M073,离线数据存储介质入库前的调阅、复制、传输、查询是否进行了登记。,XC网络安全管理与防护,建立制度,,,,,,,,0.9
REQ-080,,NEW-20260227112115-M073,离线数据存储介质入库前的调阅、复制、传输、查询是否进行了登记。,XC网络安全管理与防护,文件保存,,,,,,,,0.9
REQ-081,,NEW-20260227112115-M074,离线数据存储介质入库后的调阅、复制、传输、查询是否进行了登记。,XC网络安全管理与防护,建立制度,,,,,,,,0.9
REQ-082,,NEW-20260227112115-M074,离线数据存储介质入库后的调阅、复制、传输、查询是否进行了登记。,XC网络安全管理与防护,文件保存,,,,,,,,0.9
REQ-083,,NEW-20260227112115-M075,是否建立至少每季度扫描并修补漏洞的工作机制，定义扫描检测的内容和程序，明确漏洞扫描工具和扫描频率，记录扫描结果及处理情况。,XC网络安全管理与防护,建立制度,,,,,,,,0.95
REQ-084,,NEW-20260227112115-M075,是否建立至少每季度扫描并修补漏洞的工作机制，定义扫描检测的内容和程序，明确漏洞扫描工具和扫描频率，记录扫描结果及处理情况。,XC网络安全管理与防护,定期执行,,,,,,,,0.95
REQ-085,,NEW-20260227112115-M076,是否对新上线的设备在接入运行网络前进行全面的安全检查。,XC网络安全管理与防护,建立制度,,,,,,,,0.9
REQ-086,,NEW-20260227112115-M077,是否对漏洞风险持续跟踪，在经过充分的验证测试后对必要的漏洞开展修补工作。,XC网络安全管理与防护,建立制度,,,,,,,,0.9
REQ-087,,NEW-20260227112115-M078,是否在漏洞扫描或漏洞修补后进行验证测试，以保证网络系统的正常运行。,XC网络安全管理与防护,建立制度,,,,,,,,0.9
REQ-088,,NEW-20260227112115-M079,是否对网上信息系统进行渗透测试，并出具安全性测试报告。,XC网络安全管理与防护,定期执行,,,,,,,,0.9
REQ-089,,NEW-20260227112115-M079,是否对网上信息系统进行渗透测试，并出具安全性测试报告。,XC网络安全管理与防护,文件保存,,,,,,,,0.9
REQ-090,,NEW-20260227112115-M080,是否定期对服务器和终端进行全面病毒扫描。,XC网络安全管理与防护,定期执行,,,,,,,,0.95
REQ-091,,NEW-20260227112115-M081,全面病毒扫描不得在交易时段内进行。,XC网络安全管理与防护,建立制度,,,,,,,,0.9
REQ-092,,NEW-20260227112115-M082,是否由内部人员每年进行一次全面安全检查。,XC网络安全管理与防护,定期执行,,,,,,,,0.95
REQ-093,,NEW-20260227112115-M083,是否对安全区域隔离情况进行检查。,XC网络安全管理与防护,定期执行,,,,,,,,0.9
REQ-094,,NEW-20260227112115-M084,是否对系统弱口令、默认口令、通用口令、长期不变口令进行检查。,XC网络安全管理与防护,定期执行,,,,,,,,0.9
REQ-095,,NEW-20260227112115-M085,是否对系统中高危漏洞进行检查。,XC网络安全管理与防护,定期执行,,,,,,,,0.9
REQ-096,,NEW-20260227112115-M086,是否对端口及服务开启情况进行检查，并关闭非必要端口和服务。,XC网络安全管理与防护,定期执行,,,,,,,,0.9
REQ-097,,NEW-20260227112115-M087,,,定期执行,,,,,,,,0.9
REQ-098,,NEW-20260227112115-M088,,,定期执行,,,,,,,,0.9
REQ-099,,NEW-20260227112115-M089,,,定期执行,,,,,,,,0.9
REQ-100,,NEW-20260227112115-M090,,,定期执行,,,,,,,,0.9
REQ-101,,NEW-20260227112115-M091,,,建立制度,,,,,,,,0.9
REQ-102,,NEW-20260227112115-M092,,,定期执行,,,,,,,,0.95
REQ-103,,NEW-20260227112116-M093,在开展信息系统新建、升级、变更、换代等建设项目时，是否进行充分论证和测试，论证材料包括需求分析、立项报告等。,XC重要信息系统管理,建立制度,,,,,,,,0.9
REQ-104,,NEW-20260227112116-M093,在开展信息系统新建、升级、变更、换代等建设项目时，是否进行充分论证和测试，论证材料包括需求分析、立项报告等。,XC重要信息系统管理,文件保存,,,,,,,,0.9
REQ-105,,NEW-20260227112116-M094,业务系统开发项目前是否将信息安全要求纳入系统设计。,XC重要信息系统管理,建立制度,,,,,,,,0.9
REQ-106,,NEW-20260227112116-M095,是否制定代码编写规范，要求开发人员参照规范编写代码。,XC重要信息系统管理,建立制度,,,,,,,,0.95
REQ-107,,NEW-20260227112116-M096,是否建立完整、规范的系统测试操作流程，对测试工作的计划、实施及总结做出详细的规定。对于在生产系统上进行的测试工作，必须制定详细的系统及数据备份、测试环境搭建、测试后系统及数据恢复、生产系统审核等计划，确保生产系统的安全。,XC重要信息系统管理,建立制度,,,,,,,,0.95
REQ-108,,NEW-20260227112116-M097,是否根据系统上线要求制定测试方案，确定采用的测试方法和测试流程。测试方案及测试用例覆盖功能、性能、容量、安全性、稳定性等方面。,XC重要信息系统管理,建立制度,,,,,,,,0.9
REQ-109,,NEW-20260227112116-M098,生产环境测试前是否备份当前系统的数据和配置。,XC重要信息系统管理,建立制度,,,,,,,,0.9
REQ-110,,NEW-20260227112116-M099,是否为系统测试配备必要的人员和设备资源。,XC重要信息系统管理,人员配备,,,,,,,,0.9
REQ-111,,NEW-20260227112116-M100,涉及核心交易业务系统的上线测试，是否组织全市场或全公司各相关部门测试。,XC重要信息系统管理,建立制度,,,,,,,,0.9
REQ-112,,NEW-20260227112116-M101,是否禁止交易时段使用生产环境进行测试。,XC重要信息系统管理,建立制度,,,,,,,,0.9
REQ-113,,NEW-20260227112116-M102,是否测试完成后对测试结果进行分析评估，并给出测试报告。,XC重要信息系统管理,建立制度,,,,,,,,0.9
REQ-114,,NEW-20260227112116-M103,是否根据需要，要求生产系统运维人员和业务部门组织业务人员参与模拟环境测试。,XC重要信息系统管理,建立制度,,,,,,,,0.85
REQ-115,,NEW-20260227112116-M104,是否指定或授权专门的部门负责系统测试验收的管理，并按照管理规定的要求完成系统测试验收工作。,XC重要信息系统管理,建立制度,,,,,,,,0.9
REQ-116,,NEW-20260227112116-M104,是否指定或授权专门的部门负责系统测试验收的管理，并按照管理规定的要求完成系统测试验收工作。,XC重要信息系统管理,建立组织,,,,,,,,0.9
REQ-117,,NEW-20260227112116-M105,是否在系统上线验收前经过安全测试。,XC重要信息系统管理,建立制度,,,,,,,,0.9
REQ-118,,NEW-20260227112116-M106,是否根据生产环境测试的结果设计系统升级过程及应急预案。,XC重要信息系统管理,建立制度,,,,,,,,0.85
REQ-119,,NEW-20260227112116-M107,是否针对系统制定应急操作手册。,XC重要信息系统管理,建立制度,,,,,,,,0.9
REQ-120,,NEW-20260227112116-M108,是否对信息系统进行投产及变更的风险评估工作。,XC重要信息系统管理,建立制度,,,,,,,,0.85
REQ-121,,NEW-20260227112116-M109,是否定期对系统容量进行检查和评估，形成评估报告。,XC重要信息系统管理,建立制度,,,,,,,,0.9
REQ-122,,NEW-20260227112116-M109,是否定期对系统容量进行检查和评估，形成评估报告。,XC重要信息系统管理,定期执行,,,,,,,,0.95
REQ-123,,NEW-20260227112116-M109,是否定期对系统容量进行检查和评估，形成评估报告。,XC重要信息系统管理,文件保存,,,,,,,,0.9
REQ-124,,NEW-20260227112116-M110,是否建立配置库，对交易业务系统的服务器、存储、网络、安全设备，操作系统、应用软件、数据库等进行管理。,XC重要信息系统管理,建立制度,,,,,,,,0.9
REQ-125,,NEW-20260227112116-M110,是否建立配置库，对交易业务系统的服务器、存储、网络、安全设备，操作系统、应用软件、数据库等进行管理。,XC重要信息系统管理,文件保存,,,,,,,,0.85
REQ-126,,NEW-20260227112116-M111,配置项属性至少包括编号、名称、描述、维护责任人、运行状态、关联关系等。,XC重要信息系统管理,建立制度,,,,,,,,0.9
REQ-127,,NEW-20260227112116-M112,是否对所有事件响应、处理、结束等过程进行跟踪、督促及检查。,XC重要信息系统管理,建立制度,,,,,,,,0.85
REQ-128,,NEW-20260227112116-M113,事件记录中事件处理情况，是否包括事件暴露出的问题及采取的整改措施，责任追究情况。,XC重要信息系统管理,建立制度,,,,,,,,0.85
REQ-129,,NEW-20260227112116-M113,事件记录中事件处理情况，是否包括事件暴露出的问题及采取的整改措施，责任追究情况。,XC重要信息系统管理,文件保存,,,,,,,,0.9
REQ-130,,NEW-20260227112116-M114,是否将监控、分析、自查、检查、测评、评估和事件处理中发现的问题进行汇总，并纳入问题库。,XC重要信息系统管理,建立制度,,,,,,,,0.85
REQ-131,,NEW-20260227112116-M114,是否将监控、分析、自查、检查、测评、评估和事件处理中发现的问题进行汇总，并纳入问题库。,XC重要信息系统管理,文件保存,,,,,,,,0.9
REQ-132,,NEW-20260227112116-M115,是否组织对问题进行分析、提出解决方案、通过变更管理审批后部署实施。,XC重要信息系统管理,建立制度,,,,,,,,0.9
REQ-133,,NEW-20260227112116-M117,是否采取人工值守和自动化工具相结合的方式，对交易业务系统进行24小时监控。交易时段应指定人员对交易业务系统进行监控，交易时段以外如无法做到人工监控，是否开启自动监控系统和自动报警系统。,XC重要信息系统管理,建立制度,,,,,,,,0.9
REQ-134,,NEW-20260227112116-M118,是否建立辅助的人工巡检流程，规定巡检内容、频度、人员等。巡检内容应覆盖电力、空调、消防、安防等机房设施，主机、网络、通信、安全等设备的运行状况。巡检结果应及时记录，如遇异常应及时处理，并按规定要求进行报告。,XC重要信息系统管理,建立制度,,,,,,,,0.95
REQ-135,,NEW-20260227112116-M118,是否建立辅助的人工巡检流程，规定巡检内容、频度、人员等。巡检内容应覆盖电力、空调、消防、安防等机房设施，主机、网络、通信、安全等设备的运行状况。巡检结果应及时记录，如遇异常应及时处理，并按规定要求进行报告。,XC重要信息系统管理,文件保存,,,,,,,,0.9
REQ-136,,NEW-20260227112117-M119,,,人员配备,,,,,,,,0.95
REQ-137,,NEW-20260227112117-M120,运维值班负责人是否有备岗，主备岗是否不得同时离岗。,XC重要信息系统管理,人员配备,,,,,,,,0.9
REQ-138,,NEW-20260227112117-M120,运维值班负责人是否有备岗，主备岗是否不得同时离岗。,XC重要信息系统管理,建立制度,,,,,,,,0.85
REQ-139,,NEW-20260227112117-M121,是否每日分析核心交易业务系统监控日志及巡检记录，形成评估记录，跟踪处理日志分析中发现的异常事件。,XC重要信息系统管理,定期执行,,,,,,,,0.95
REQ-140,,NEW-20260227112117-M121,是否每日分析核心交易业务系统监控日志及巡检记录，形成评估记录，跟踪处理日志分析中发现的异常事件。,XC重要信息系统管理,文件保存,,,,,,,,0.9
REQ-141,,NEW-20260227112117-M122,是否建立变更管理流程，对重要变更、一般变更、紧急变更进行定义，并建立不同的管理流程。,XC重要信息系统管理,建立制度,,,,,,,,0.95
REQ-142,,NEW-20260227112117-M123,是否明确信息技术部门、风控、合规及相关业务部门角色在变更管理中的审核责任，进行事前审查、事中确认及事后跟踪。,XC重要信息系统管理,建立制度,,,,,,,,0.9
REQ-143,,NEW-20260227112117-M124,变更后是否经业务部门确认。,XC重要信息系统管理,建立制度,,,,,,,,0.85
REQ-144,,NEW-20260227112117-M125,是否利用软件工具或管理平台记录重要变更操作，并实时存档和备份功能。,XC重要信息系统管理,文件保存,,,,,,,,0.95
REQ-145,,NEW-20260227112117-M126,是否在设备和软件投入使用前进行必要的验证性测试，并保留测试记录。,XC重要信息系统管理,建立制度,,,,,,,,0.9
REQ-146,,NEW-20260227112117-M126,是否在设备和软件投入使用前进行必要的验证性测试，并保留测试记录。,XC重要信息系统管理,文件保存,,,,,,,,0.9
REQ-147,,NEW-20260227112117-M127,是否禁止在交易时段对交易业务网的网络设备、安全设备、系统设备进行更换或变更配置。,XC重要信息系统管理,建立制度,,,,,,,,0.95
REQ-148,,NEW-20260227112117-M128,邮件系统是否设置密码策略。,XC重要信息系统管理,建立制度,,,,,,,,0.85
REQ-149,,NEW-20260227112117-M129,是否对批量下载邮件、异常时段登陆的行为进行监控。,XC重要信息系统管理,建立制度,,,,,,,,0.85
REQ-150,,NEW-20260227112117-M130,网上交易客户端是否提供可靠的身份认证机制，支持多种方式与服务端完成身份认证。,XC重要信息系统管理,建立制度,,,,,,,,0.85
REQ-151,,NEW-20260227112117-M131,客户进行资金交易时，根据客户意愿，可采取认证强度与交易额度相匹配的技术措施，提高交易的安全性。,XC重要信息系统管理,建立制度,,,,,,,,0.8
REQ-152,,NEW-20260227112117-M132,在交易环节，依据对用户IP、个人终端IMME等标识信息采取异常行为监控措施防范盗买盗卖。,XC重要信息系统管理,建立制度,,,,,,,,0.8
REQ-153,,NEW-20260227112117-M133,应具有防网络钓鱼的功能，例如，显示客户预留信息、使用预留信息卡、客户自定义个性化界面等。,XC重要信息系统管理,建立制度,,,,,,,,0.8
REQ-154,,NEW-20260227112117-M134,对于客户账号、手机号码、证件类识别标识或其他识别标识信息等可以直接或组合后确定个人金融信息主体的信息应进行屏蔽展示，或由用户选择是否屏蔽展示，如需完整展示，应进行用户身份验证，并做好此类信息管理，防范此类信息泄露风险。,XC重要信息系统管理,建立制度,,,,,,,,0.9
REQ-155,,NEW-20260227112117-M135,三级系统是否至少每年对系统进行一次等级测评，发现不符合相应等级保护标准要求的及时整改。,XC重要信息系统管理,定期执行,,,,,,,,0.95
REQ-156,,NEW-20260227112117-M135,三级系统是否至少每年对系统进行一次等级测评，发现不符合相应等级保护标准要求的及时整改。,XC重要信息系统管理,文件保存,,,,,,,,0.9
REQ-157,,NEW-20260227112117-M136,是否在系统发生变更时及时对系统进行等级测评，发现级别发生变化的及时调整级别并进行安全改造，发现不符合相应等级保护标准要求的及时整改。,XC重要信息系统管理,建立制度,,,,,,,,0.9
REQ-158,,NEW-20260227112117-M136,是否在系统发生变更时及时对系统进行等级测评，发现级别发生变化的及时调整级别并进行安全改造，发现不符合相应等级保护标准要求的及时整改。,XC重要信息系统管理,文件保存,,,,,,,,0.9
REQ-159,,NEW-20260227112117-M137,是否组织相关部门和有关安全技术专家对信息系统定级结果的合理性和正确性进行论证和审定。,XC重要信息系统管理,建立制度,,,,,,,,0.85
REQ-160,,NEW-20260227112117-M138,是否授予不同账户为完成各自承担任务所需的最小权限。,XC重要信息系统管理,建立制度,,,,,,,,0.9
REQ-161,,NEW-20260227112117-M139,不同账户是否形成相互制约的关系。,XC重要信息系统管理,岗位分离,,,,,,,,0.95
REQ-162,,NEW-20260227112117-M140,是否存在共用账号。,XC重要信息系统管理,建立制度,,,,,,,,0.9
REQ-163,,NEW-20260227112117-M141,是否中止离职人员访问权限。,XC重要信息系统管理,建立制度,,,,,,,,0.85
REQ-164,,NEW-20260227112117-M142,是否建立信息系统用户认证和访问控制流程。,XC重要信息系统管理,建立制度,,,,,,,,0.95
REQ-165,,NEW-20260227112117-M143,是否能够对单个账户的多重并发会话进行限制。,XC重要信息系统管理,建立制度,,,,,,,,0.85
REQ-166,,NEW-20260227112117-M144,是否能够对一个时间段内可能的并发会话连接数进行限制。,XC重要信息系统管理,建立制度,,,,,,,,0.85
REQ-167,,NEW-20260227112117-M145,是否能够对一个访问账户或一个请求进程占用的资源分配最大限额和最小限额。,XC重要信息系统管理,建立制度,,,,,,,,0.8
REQ-168,,NEW-20260227112117-M146,公司核心业务系统备份是否符合《证券期货经营机构信息系统备份能力标准规范》的相关要求。,XC重要信息系统管理,建立制度,,,,,,,,0.9
REQ-169,,NEW-20260227112117-M147,是否至少每季度对核心交易业务系统的备份数据进行一次有效性验证，如发现问题是否采取措施修复备份数据，并查明原因。,XC重要信息系统管理,定期执行,,,,,,,,0.95
REQ-170,,NEW-20260227112117-M147,是否至少每季度对核心交易业务系统的备份数据进行一次有效性验证，如发现问题是否采取措施修复备份数据，并查明原因。,XC重要信息系统管理,文件保存,,,,,,,,0.9
REQ-171,,NEW-20260227112117-M148,是否对网络安全事件进行记录。,XC事件与应急管理情况,建立制度,,,,,,,,0.85
REQ-172,,NEW-20260227112117-M148,是否对网络安全事件进行记录。,XC事件与应急管理情况,文件保存,,,,,,,,0.9
REQ-173,,NEW-20260227112117-M149,是否在安全事件报告和响应处理过程中，分析和鉴定事件产生的原因，收集证据，记录处理过程，总结经验教训，制定防止再次发生的补救措施。,XC事件与应急管理情况,建立制度,,,,,,,,0.9
REQ-174,,NEW-20260227112117-M149,是否在安全事件报告和响应处理过程中，分析和鉴定事件产生的原因，收集证据，记录处理过程，总结经验教训，制定防止再次发生的补救措施。,XC事件与应急管理情况,文件保存,,,,,,,,0.95
REQ-175,,NEW-20260227112117-M150,合规部门、风险管理部门或岗位是否参与信息技术安全事故处理工作。,XC事件与应急管理情况,建立制度,,,,,,,,0.9
REQ-176,,NEW-20260227112117-M151,是否在网络与信息安全事件发生后，按有关规定报告事件情况，并保持持续报告，直至系统恢复正常运行，报告要素应完备、及时、准确，不得迟报、漏报、谎报或瞒报。,XC事件与应急管理情况,建立制度,,,,,,,,0.95
REQ-177,,NEW-20260227112117-M151,是否在网络与信息安全事件发生后，按有关规定报告事件情况，并保持持续报告，直至系统恢复正常运行，报告要素应完备、及时、准确，不得迟报、漏报、谎报或瞒报。,XC事件与应急管理情况,文件保存,,,,,,,,0.9
REQ-178,,NEW-20260227112117-M152,接到中国证监会及其派出机构关于系统漏洞、安全隐患、产品缺陷的信息安全通报书后，是否立即核实情况，采取必要的处置措施，并根据要求进行事件总结报告。事件总结报告内容应当包括：事件基本情况，可能或者已经造成的影响范围和后果，已采取的防范措施及相关建议。,XC事件与应急管理情况,建立制度,,,,,,,,0.9
REQ-179,,NEW-20260227112117-M152,接到中国证监会及其派出机构关于系统漏洞、安全隐患、产品缺陷的信息安全通报书后，是否立即核实情况，采取必要的处置措施，并根据要求进行事件总结报告。事件总结报告内容应当包括：事件基本情况，可能或者已经造成的影响范围和后果，已采取的防范措施及相关建议。,XC事件与应急管理情况,文件保存,,,,,,,,0.9
REQ-180,,NEW-20260227112117-M153,是否对安全责任和惩戒措施进行书面规定并告知相关人员。,XC事件与应急管理情况,建立制度,,,,,,,,0.95
REQ-181,,NEW-20260227112117-M154,,,建立制度,,,,,,,,0.9
REQ-182,,NEW-20260227112118-M155,是否建立健全网络与信息安全事件应急处置组织体系，明确网络与信息安全事件的应急指挥决策机构和执行机构，负责网络与信息安全事件的预防预警、应急处置、报告和调查处理工作。,XC事件与应急管理情况,建立组织,,,,,,,,0.95
REQ-183,,NEW-20260227112118-M156,合规部门、风险管理部门或岗位是否参与应急演练工作。,XC事件与应急管理情况,建立制度,,,,,,,,0.85
REQ-184,,NEW-20260227112118-M157,是否在统一的网络与信息安全事件应急预案框架下制定不同事件的应急预案，应急预案框架应包括处置应对责任机制、指挥机制、响应流程、临机处置权限等内容。,XC事件与应急管理情况,建立制度,,,,,,,,0.95
REQ-185,,NEW-20260227112118-M158,应将网络攻击场景纳入应急预案。,XC事件与应急管理情况,建立制度,,,,,,,,0.9
REQ-186,,NEW-20260227112118-M159,应制定外包服务意外终止的应急措施。,XC事件与应急管理情况,建立制度,,,,,,,,0.9
REQ-187,,NEW-20260227112118-M160,网络与信息安全事件应急预案内容是否根据应急演练的情况进行评估和更新。,XC事件与应急管理情况,建立制度,,,,,,,,0.9
REQ-188,,NEW-20260227112118-M161,网络与信息安全事件应急预案内容是否包括网络与信息安全事件处置的具体方案。,XC事件与应急管理情况,建立制度,,,,,,,,0.9
REQ-189,,NEW-20260227112118-M162,网络与信息安全事件应急预案内容是否包括网络与信息安全事件内部调查处理以及分析总结的要求。,XC事件与应急管理情况,建立制度,,,,,,,,0.9
REQ-190,,NEW-20260227112118-M163,网络与信息安全事件应急预案内容是否包括网络与信息安全事件的报告流程。,XC事件与应急管理情况,建立制度,,,,,,,,0.9
REQ-191,,NEW-20260227112118-M164,是否制定应急处置联络手册。应急处置联络手册是否至少包括应急处置组织体系及相关关联单位的应急联络方式。,XC事件与应急管理情况,建立制度,,,,,,,,0.85
REQ-192,,NEW-20260227112118-M164,是否制定应急处置联络手册。应急处置联络手册是否至少包括应急处置组织体系及相关关联单位的应急联络方式。,XC事件与应急管理情况,文件保存,,,,,,,,0.85
REQ-193,,NEW-20260227112118-M165,是否指定通报联络人，明确联络方式。通报联络人至少包括信息技术负责人及其备岗。通报联络方式至少包括应急值守电话与传真。将通报联络人及其联络方式及时通知监管部门、行业协会和相关单位。,XC事件与应急管理情况,人员配备,,,,,,,,0.95
REQ-194,,NEW-20260227112118-M166,应急处置联络手册是否及时更新。,XC事件与应急管理情况,建立制度,,,,,,,,0.85
REQ-195,,NEW-20260227112118-M167,是否向证监会报备应急联络信息，并在发生变化时及时通知相关单位。,XC事件与应急管理情况,建立制度,,,,,,,,0.9
REQ-196,,NEW-20260227112118-M168,是否对系统相关的人员进行应急预案培训，应急预案的培训是否至少每年举办一次。,XC事件与应急管理情况,定期执行,,,,,,,,0.95
REQ-197,,NEW-20260227112118-M168,是否对系统相关的人员进行应急预案培训，应急预案的培训是否至少每年举办一次。,XC事件与应急管理情况,文件保存,,,,,,,,0.9
REQ-198,,NEW-20260227112118-M169,是否根据应急预案的内容，制定详细的应急演练计划。,XC事件与应急管理情况,建立制度,,,,,,,,0.9
REQ-199,,NEW-20260227112118-M169,是否根据应急预案的内容，制定详细的应急演练计划。,XC事件与应急管理情况,文件保存,,,,,,,,0.85
REQ-200,,NEW-20260227112118-M170,应急演练计划是否至少包括演练的目的、内容、时间、参与方、方式、前期准备情况、统计与记录要求、系统恢复与验证要求等内容。,XC事件与应急管理情况,建立制度,,,,,,,,0.9
REQ-201,,NEW-20260227112118-M171,公司应急演练是否覆盖公司核心交易业务系统，是否覆盖其他场景应急演练覆盖情况，包括但不限于网络、通信、灾难、突发事件等方面的应急演练情况。,XC事件与应急管理情况,建立制度,,,,,,,,0.9
REQ-202,,NEW-20260227112118-M171,公司应急演练是否覆盖公司核心交易业务系统，是否覆盖其他场景应急演练覆盖情况，包括但不限于网络、通信、灾难、突发事件等方面的应急演练情况。,XC事件与应急管理情况,定期执行,,,,,,,,0.9
REQ-203,,NEW-20260227112118-M172,是否与银行等外部关联机构开展过联合应急演练，包括银证转账系统、银期转账系统、基金估值系统等。,XC事件与应急管理情况,定期执行,,,,,,,,0.85
REQ-204,,NEW-20260227112118-M173,是否对演练中发现的问题进行改进。,XC事件与应急管理情况,建立制度,,,,,,,,0.85
REQ-205,,NEW-20260227112118-M173,是否对演练中发现的问题进行改进。,XC事件与应急管理情况,文件保存,,,,,,,,0.9
REQ-206,,NEW-20260227112118-M174,是否定期或不定期开展信息技术风险评估活动，或聘请外部有资质的机构定期进行信息技术风险评估,XC信息技术风险评估与审计,定期执行,,,,,,,,0.95
REQ-207,,NEW-20260227112118-M174,是否定期或不定期开展信息技术风险评估活动，或聘请外部有资质的机构定期进行信息技术风险评估,XC信息技术风险评估与审计,文件保存,,,,,,,,0.9
REQ-208,,NEW-20260227112118-M175,信息技术风险评估结果是否经IT治理委员会审定后，向公司总经理汇报，并向业务、合规、审计等部门传达,XC信息技术风险评估与审计,建立制度,,,,,,,,0.9
REQ-209,,NEW-20260227112118-M176,公司是否定期开展风险监测机制及执行情况的有效性评估。,XC信息技术风险评估与审计,定期执行,,,,,,,,0.9
REQ-210,,NEW-20260227112118-M176,公司是否定期开展风险监测机制及执行情况的有效性评估。,XC信息技术风险评估与审计,文件保存,,,,,,,,0.9
REQ-211,,NEW-20260227112118-M177,公司风险监测机制及执行情况的有效性评估报告是否报送公司管理层。,XC信息技术风险评估与审计,建立制度,,,,,,,,0.85
REQ-212,,NEW-20260227112118-M177,公司风险监测机制及执行情况的有效性评估报告是否报送公司管理层。,XC信息技术风险评估与审计,文件保存,,,,,,,,0.85
REQ-213,,NEW-20260227112118-M178,是否制定审计计划，审计计划是否保证3年内完成IT全面审计。,XC信息技术风险评估与审计,建立制度,,,,,,,,0.9
REQ-214,,NEW-20260227112118-M178,是否制定审计计划，审计计划是否保证3年内完成IT全面审计。,XC信息技术风险评估与审计,定期执行,,,,,,,,0.9
REQ-215,,NEW-20260227112118-M179,是否对公司进行专项IT审计。,XC信息技术风险评估与审计,建立制度,,,,,,,,0.85
REQ-216,,NEW-20260227112118-M180,在发生较大以上级别信息安全事件或频繁发生安全事件时，内部审计部门或合规风控部门是否对信息技术系统开展专项审计。,XC信息技术风险评估与审计,建立制度,,,,,,,,0.9
REQ-217,,NEW-20260227112118-M181,是否每年对运维制度的执行情况和运维工作开展情况定期进行检查和审计。,XC信息技术风险评估与审计,定期执行,,,,,,,,0.95
REQ-218,,NEW-20260227112118-M181,是否每年对运维制度的执行情况和运维工作开展情况定期进行检查和审计。,XC信息技术风险评估与审计,文件保存,,,,,,,,0.9
REQ-219,,NEW-20260227112118-M182,信息系统运维管理工作审计范围是否至少包括对运维管理制度和操作流程的合理性和完整性进行评估，对运维管理制度和操作流程的执行情况进行评估，对文档、配置、数据的有效性进行评估，对整体安全状况进行评估，对运维人员履职能力进行评估等。,XC信息技术风险评估与审计,建立制度,,,,,,,,0.9
REQ-220,,NEW-20260227112118-M183,是否对审计发现的问题进行整改。,XC信息技术风险评估与审计,建立制度,,,,,,,,0.9
REQ-221,,NEW-20260227112118-M183,是否对审计发现的问题进行整改。,XC信息技术风险评估与审计,文件保存,,,,,,,,0.9
REQ-222,,NEW-20260227112118-M184,应在保证系统运行安全和效率的前提下，启用系统审计或采用第三方安全审计产品，对服务器和重要客户端上的每个操作系统用户进行审计。,XC信息技术风险评估与审计,建立制度,,,,,,,,0.9
REQ-223,,NEW-20260227112118-M185,是否记录并集中分类存储必要的操作日志、系统日志、应用日志、安全日志等，留存日志应满足审计的需要。,XC信息技术风险评估与审计,建立制度,,,,,,,,0.9
REQ-224,,NEW-20260227112118-M185,是否记录并集中分类存储必要的操作日志、系统日志、应用日志、安全日志等，留存日志应满足审计的需要。,XC信息技术风险评估与审计,文件保存,,,,,,,,0.95
REQ-225,,NEW-20260227112118-M186,审计记录是否包含重要的安全相关信息。,XC信息技术风险评估与审计,建立制度,,,,,,,,0.9
REQ-226,,NEW-20260227112119-M187,审计记录是否至少保存6个月。,XC信息技术风险评估与审计,建立制度,,,,,,,,0.9
REQ-227,,NEW-20260227112119-M187,审计记录是否至少保存6个月。,XC信息技术风险评估与审计,文件保存,,,,,,,,0.95
REQ-228,,NEW-20260227112119-M188,是否保护审计记录，避免受到未预期的删除、修改或覆盖等。,XC信息技术风险评估与审计,建立制度,,,,,,,,0.95
REQ-229,,NEW-20260227112119-M189,是否能够根据记录数据进行分析，并生成审计报表。,XC信息技术风险评估与审计,建立制度,,,,,,,,0.85
REQ-230,,NEW-20260227112119-M190,是否制定信息系统备份能力建设工作计划。,XC业务连续性,建立制度,,,,,,,,0.85
REQ-231,,NEW-20260227112119-M191,是否已建立故障备份设施和同城灾备中心（灾备机房），至少可保障核心交易业务系统应用级备份。,XC业务连续性,建立制度,,,,,,,,0.9
REQ-232,,NEW-20260227112119-M192,公司是否根据自身业务性质、规模和复杂程度制定适当的业务连续性计划；业务连续性计划内容是否包括业务应急措施、业务恢复或替代机制、应急联系方式、与客户的沟通方式、与相关单位通报机制、向监管部门报告机制、业务连续性计划披露及更新机制、备份数据恢复机制、备份信息技术系统恢复机制、技术替代方式。,XC业务连续性,建立制度,,,,,,,,0.95
REQ-233,,NEW-20260227112119-M193,公司制订的业务连续性计划是否考虑以下情况，包括但不限于：因自然灾害等原因导致机房不可用、机房电力中断；网络、通信中断或拥堵至不可用；重要业务信息技术系统软硬件故障；重要业务信息数据损毁或遭到破坏；与经营机构建立业务连接的其他机构信息技术系统中断或严重故障；信息技术服务商的重大变更、公司核心信息技术团队发生重大变动等。,XC业务连续性,建立制度,,,,,,,,0.9
REQ-234,,NEW-20260227112119-M194,电力供应是否有优先保证承载核心交易业务系统的关键设备供电的措施。,XC业务连续性,建立制度,,,,,,,,0.85
REQ-235,,NEW-20260227112119-M195,【二类】是否具有双路市电供电，双路供电能实现自动切换，或在单路供电情况下，备用供电措施能提供超过4小时的供电时间。,XC业务连续性,建立制度,,,,,,,,0.9
REQ-236,,NEW-20260227112119-M196,【三类以上（含）】是否采用双路市电，双路市电应能实现自动切换。,XC业务连续性,建立制度,,,,,,,,0.9
REQ-237,,NEW-20260227112119-M197,机房是否配备单独的配电柜。,XC业务连续性,建立制度,,,,,,,,0.8
REQ-238,,NEW-20260227112119-M198,机房是否有独立于一般照明电的专用供配电线路。,XC业务连续性,建立制度,,,,,,,,0.8
REQ-239,,NEW-20260227112119-M199,是否在机房供电线路上配置稳压器和过电压防护设备。,XC业务连续性,建立制度,,,,,,,,0.8
REQ-240,,NEW-20260227112119-M200,【三类以上（含）】机房是否配备双UPS供电。,XC业务连续性,建立制度,,,,,,,,0.9
REQ-241,,NEW-20260227112119-M201,【三类以上（含）】UPS实际供电能力是否能够满足主要设备在断电情况下正常运行2个小时以上。,XC业务连续性,文件保存,,,,,,,,0.9
REQ-242,,NEW-20260227112119-M203,【三类以上（含）】机房是否自备或租用发电机，能够保障持续供电。,XC业务连续性,文件保存,,,,,,,,0.9
REQ-243,,NEW-20260227112119-M204,如有发电机，是否定期对发电机进行开机测试。,XC业务连续性,定期执行,,,,,,,,0.9
REQ-244,,NEW-20260227112119-M204,如有发电机，是否定期对发电机进行开机测试。,XC业务连续性,文件保存,,,,,,,,0.9
REQ-245,,NEW-20260227112119-M205,【三类以上（含）】是否定期进行电力设施实时切换演练。,XC业务连续性,建立制度,,,,,,,,0.95
REQ-246,,NEW-20260227112119-M205,【三类以上（含）】是否定期进行电力设施实时切换演练。,XC业务连续性,定期执行,,,,,,,,0.9
REQ-247,,NEW-20260227112119-M205,【三类以上（含）】是否定期进行电力设施实时切换演练。,XC业务连续性,文件保存,,,,,,,,0.9
REQ-248,,NEW-20260227112119-M211,是否建立供应商列表，定期收集、更新供应商信息。,XC外包管理,定期执行,,,,,,,,0.9
REQ-249,,NEW-20260227112119-M211,是否建立供应商列表，定期收集、更新供应商信息。,XC外包管理,文件保存,,,,,,,,0.9
REQ-250,,NEW-20260227112119-M212,是否组织对供应商的服务质量、合同履行情况、人员工作情况等内容进行评价，形成评价报告，并跟踪和记录供应商改进情况。,XC外包管理,定期执行,,,,,,,,0.9
REQ-251,,NEW-20260227112119-M212,是否组织对供应商的服务质量、合同履行情况、人员工作情况等内容进行评价，形成评价报告，并跟踪和记录供应商改进情况。,XC外包管理,文件保存,,,,,,,,0.9
REQ-252,,NEW-20260227112119-M213,信息技术外包管理制度中是否明确驻场外包人员入场、离场的管理要求。,XC外包管理,建立制度,,,,,,,,0.95
REQ-253,,NEW-20260227112119-M214,是否对驻场外包人员的入场和离场进行管理。,XC外包管理,文件保存,,,,,,,,0.9
REQ-254,,NEW-20260227112119-M216,是否建立软件资产管理制度，或将软件资产纳入本单位资产管理体系，对软件采购、安装、升级等工作流程有严格管理。,XC软件正版化,建立制度,,,,,,,,0.95
REQ-255,,NEW-20260227112119-M217,是否明确部门或责任人，负责本单位软件正版化工作。,XC软件正版化,人员配备,,,,,,,,0.9
REQ-256,,NEW-20260227112119-M219,是否每年对软件正版化情况开展自查。,XC软件正版化,定期执行,,,,,,,,0.9
REQ-257,,NEW-20260227112119-M219,是否每年对软件正版化情况开展自查。,XC软件正版化,文件保存,,,,,,,,0.9
REQ-258,,NEW-20260227112120-M220,是否妥善保存购置合同、软件授权证书或许可协议等核心资料。,XC软件正版化,文件保存,,,,,,,,0.9
REQ-259,,NEW-20260227112120-M221,是否编制软件清单，主要包括软件名称、软件编号、入库时间、软件版本，授权和许可情况、软件序列号、软件状态、软件维护期、软件安装设备、用途和使用责任人等内容，并保留软件启用、转移、升级、报废等过程的记录。,XC软件正版化,文件保存,,,,,,,,0.9
REQ-260,,NEW-20260227112120-M223,是否使用技术软件检测办公电脑软件安装情况。,XC软件正版化,定期执行,,,,,,,,0.9
REQ-261,,NEW-20260227112120-M223,是否使用技术软件检测办公电脑软件安装情况。,XC软件正版化,文件保存,,,,,,,,0.9
REQ-262,,NEW-20260227112120-M224,是否使用正版软件并保存软件授权证书和许可协议。,XC软件正版化,文件保存,,,,,,,,0.9
REQ-263,,NEW-20260227112151-M025,人员离岗是否取回各种身份证件、钥匙、徽章等以及机构提供的软硬件设备。,信息技术治理,文件保存,,,,,,,,0.9
REQ-264,,NEW-20260227112152-M039,机房是否设置火灾自动消防系统，能够自动检测火情、自动报警，并自动灭火；机房的火灾自动消防系统是否向当地公安消防部门备案。,机房管理,文件保存,,,,,,,,0.9
REQ-265,,NEW-20260227112152-M051,机房出入口的监控录像是否保存90天。,机房管理,文件保存,,,,,,,,0.9
REQ-266,,NEW-20260227112152-M052,是否实行外来设备未经批准不得接入生产环境。,机房管理,文件保存,,,,,,,,0.9
REQ-267,,NEW-20260227112152-M053,是否保持机房环境卫生，采取防尘措施，定期进行除尘处理。,机房管理,定期执行,,,,,,,,0.9
REQ-268,,NEW-20260227112152-M053,是否保持机房环境卫生，采取防尘措施，定期进行除尘处理。,机房管理,文件保存,,,,,,,,0.9
REQ-269,,NEW-20260227112152-M054,机房是否设置温、湿度自动调节设施，机房温度是否控制在22℃,机房管理,文件保存,,,,,,,,0.9
REQ-270,,NEW-20260227112152-M055,机房是否设置温、湿度自动调节设施，机房相对湿度是否控制在40%,机房管理,文件保存,,,,,,,,0.9
REQ-271,,NEW-20260227112153-M072,口令是否符合以下条件：数字、字母、符号混排，无规律的方式。,网络管理,建立制度,,,,,,,,0.95
REQ-272,,NEW-20260227112153-M073,管理员用户口令的长度至少为12位。,网络管理,建立制度,,,,,,,,0.95
REQ-273,,NEW-20260227112153-M074,管理员用户口令至少每季度更换1次，更新的口令至少5次内不能重复。,网络管理,建立制度,,,,,,,,0.95
REQ-274,,NEW-20260227112153-M075,如果设备口令长度不支持12位或其他复杂度要求，口令是否使用所支持的最长长度并适当缩小更换周期；也可以使用动态密码卡等一次性口令认证方式。,网络管理,建立制度,,,,,,,,0.95
REQ-275,,NEW-20260227112153-M076,是否绘制与当前运行情况相符的网络拓扑结构图；是否绘制完整的网络拓扑结构图，有相应的网络配置表，包含设备IP地址等主要信息，与当前运行情况相符，并及时更新。,网络管理,文件保存,,,,,,,,0.9
REQ-276,,NEW-20260227112153-M078,是否保证所有与外部系统的连接均得到授权和批准。,网络管理,建立制度,,,,,,,,0.9
REQ-277,,NEW-20260227112153-M078,是否保证所有与外部系统的连接均得到授权和批准。,网络管理,文件保存,,,,,,,,0.9
REQ-278,,NEW-20260227112153-M080,计算机网络跳线是否整齐干净，跳线标识清晰。,网络管理,建立制度,,,,,,,,0.9
REQ-279,,NEW-20260227112154-M086,配置项的添加、修改、替换、删除是否有变更记录。,运维管理,文件保存,,,,,,,,0.9
REQ-280,,NEW-20260227112154-M090,交易业务系统历史数据至少保留一年。,运维管理,文件保存,,,,,,,,0.95
REQ-281,,NEW-20260227112154-M091,在线数据未经授权不得访问、复制。,运维管理,文件保存,,,,,,,,0.9
REQ-282,,NEW-20260227112154-M092,离线数据不得更改。,运维管理,文件保存,,,,,,,,0.9
REQ-283,,NEW-20260227112154-M101,是否及时向投资者说明事件的真实情况，引导投资者采取应急措施，取得投资者的理解与配合，配合媒体的采访报道。,运维管理,建立制度,,,,,,,,0.95
REQ-284,,NEW-20260227112156-M129,口令是否符合以下条件：数字、字母、符号混排，无规律的方式。,信息系统,建立制度,,,,,,,,0.95
REQ-285,,NEW-20260227112156-M130,口令的长度是否至少为12位。,信息系统,建立制度,,,,,,,,0.95
REQ-286,,NEW-20260227112156-M131,口令是否至少每季度更换1次，更新的口令至少5次内不能重复。,信息系统,建立制度,,,,,,,,0.95
REQ-287,,NEW-20260227112156-M132,如果设备口令长度不支持12位或其他复杂度要求，口令是否使用所支持的最长长度并适当缩小更换周期；也可以使用动态密码卡等一次性口令认证方式。,信息系统,建立制度,,,,,,,,0.95
REQ-288,,NEW-20260227112156-M138,操作系统管理员口令是否符合以下条件：数字、字母、符号混排，无规律的方式。,信息系统,建立制度,,,,,,,,0.95
REQ-289,,NEW-20260227112156-M139,操作系统管理员口令的长度是否为12位。,信息系统,建立制度,,,,,,,,0.95
REQ-290,,NEW-20260227112156-M140,操作系统管理员口令是否每季度更换1次，更新的口令至少5次内不能重复。,信息系统,建立制度,,,,,,,,0.95
REQ-291,,NEW-20260227112156-M142,以远程方式登录主机设备，是否采用两种或两种以上组合的鉴别技术进行身份鉴别。,信息系统,建立制度,,,,,,,,0.9
REQ-292,,NEW-20260227112156-M143,是否严格限制默认账户的访问权限，重命名系统默认账户，修改这些账户的默认口令。a)系统无法修改访问权限的特殊默认账户，可不修改访问权限；b)系统无法重命名的特殊默认账户，可不重命名。,信息系统,建立制度,,,,,,,,0.9
REQ-293,,NEW-20260227112156-M150,重要服务器的CPU利用率、内存、磁盘存储空间等指标超过预先规定的阈值后是否实时进行报警。,信息系统,文件保存,,,,,,,,0.9
REQ-294,,NEW-20260227112157-M166,特殊操作、临时操作是否经批准后方可双岗执行。操作过程是否进行记录留痕，记录的保存时间是否不少于一年。,信息系统,建立制度,,,,,,,,0.9
REQ-295,,NEW-20260227112157-M166,特殊操作、临时操作是否经批准后方可双岗执行。操作过程是否进行记录留痕，记录的保存时间是否不少于一年。,信息系统,岗位分离,,,,,,,,0.9
REQ-296,,NEW-20260227112157-M166,特殊操作、临时操作是否经批准后方可双岗执行。操作过程是否进行记录留痕，记录的保存时间是否不少于一年。,信息系统,文件保存,,,,,,,,0.95
REQ-297,,NEW-20260227112157-M173,是否每季度对管理员口令进行修改，更新的管理员口令至少5次内不能重复。,信息系统,建立制度,,,,,,,,0.95
REQ-298,,NEW-20260227112158-M175,用户登录应用系统后在规定的时间内未执行任何操作，是否自动退出系统。,信息系统,建立制度,,,,,,,,0.9
REQ-299,,NEW-20260227112158-M190,受托方是否为机柜提供电子锁或机械锁。受托方可留有备用钥匙以备应急使用，但是否提前获得委托方同意，并记录使用情况。,信息系统托管,建立制度,,,,,,,,0.9
REQ-300,,NEW-20260227112158-M190,受托方是否为机柜提供电子锁或机械锁。受托方可留有备用钥匙以备应急使用，但是否提前获得委托方同意，并记录使用情况。,信息系统托管,文件保存,,,,,,,,0.9
REQ-301,,NEW-20260227112158-M191,受托方是否对机柜所在机房设置视频监控设备，监控范围覆盖机柜操作面、机柜所在机房出入口等关键区域。连续视频监控记录是否保存至少90天。,信息系统托管,文件保存,,,,,,,,0.9
REQ-302,,NEW-20260227112158-M196,受托方是否对机房设置视频监控设备，监控范围覆盖机房区域出入口。连续视频监控记录是否保存至少90天。,信息系统托管,文件保存,,,,,,,,0.9
REQ-303,,NEW-20260227112158-M199,受托方提供的虚拟机平台、存储平台等基础平台的可用性是否不低于99.9%。（本项适用于：三级系统托管）,信息系统托管,文件保存,,,,,,,,0.9
REQ-304,,NEW-20260227112158-M200,受托方提供的虚拟机平台、存储平台等基础平台的可用性是否不低于99.95%。（本项适用于：三+系统托管）,信息系统托管,文件保存,,,,,,,,0.9
REQ-305,,NEW-20260227112159-M206,双方终止合同，受托方是否协助委托方收回所有数据，并保证系统中全部相关数据被删除，并不可恢复。,信息系统托管,文件保存,,,,,,,,0.9
REQ-306,,NEW-20260227112159-M207,受托方提供的应用系统的设计和部署是否满足JR/T0059的要求。（本项适用于：三级、三+系统托管）,信息系统托管,文件保存,,,,,,,,0.9
